Order Date,Product,Category,Region,Quantity,Price
2026-01-05,Laptop,Electronics,North,2,55000
2026-01-08,Mouse,Electronics,South,5,800
2026-01-12,Keyboard,Electronics,East,3,1500
2026-01-15,Office Chair,Furniture,West,2,7000
2026-01-20,Desk,Furniture,North,1,12000
2026-02-03,Laptop,Electronics,East,1,55000
2026-02-07,Headphones,Electronics,South,4,2500
2026-02-14,Office Chair,Furniture,North,3,7000
2026-02-18,Notebook,Stationery,West,10,120
2026-02-25,Pen,Stationery,South,20,50
2026-03-02,Keyboard,Electronics,North,4,1500
2026-03-09,Desk,Furniture,East,2,12000
2026-03-15,Notebook,Stationery,North,15,120
2026-03-21,Headphones,Electronics,West,3,2500
2026-03-28,Pen,Stationery,East,25,50
2026-04-04,Laptop,Electronics,South,2,55000
2026-04-10,Mouse,Electronics,North,8,800
2026-04-16,Office Chair,Furniture,West,2,7000
2026-04-22,Desk,Furniture,South,1,12000
2026-04-29,Notebook,Stationery,East,12,120
2026-05-06,Headphones,Electronics,North,5,2500
2026-05-13,Keyboard,Electronics,West,4,1500
2026-05-19,Pen,Stationery,South,30,50
2026-05-25,Office Chair,Furniture,East,3,7000
2026-06-03,Laptop,Electronics,West,1,55000
2026-06-09,Mouse,Electronics,South,10,800
2026-06-15,Desk,Furniture,North,2,12000
2026-06-22,Notebook,Stationery,West,20,120